{
  "United States":0.9689526085,
  "Ireland":0.0165842929,
  "United Kingdom":0.0054798682,
  "Switzerland":0.0025369925,
  "Uruguay":0.0019578015,
  "Canada":0.0012461206,
  "Netherlands":0.0010523539,
  "Bermuda":0.0008800772,
  "Singapore":0.0005958169,
  "Australia":0.0005068445,
  "-":0.0002071957
}