{
  "Information Technology":0.3311608797,
  "Financials":0.135179283,
  "Consumer Discretionary":0.1070679106,
  "Communication Services":0.0991481455,
  "Health Care":0.0917513951,
  "Industrials":0.0864913504,
  "Consumer Staples":0.0516614347,
  "Energy":0.0295901349,
  "Utilities":0.0231462888,
  "Real Estate":0.0206608741,
  "Materials":0.0200785091,
  "unknown":0.0040637665
}