{
  "France":0.2095032309,
  "Belgium":0.2044924967,
  "Spain":0.1462950952,
  "Italy":0.119688394,
  "Germany":0.0967156397,
  "Austria":0.0400329903,
  "United Kingdom":0.0335684939,
  "Turkey":0.0239027823,
  "Canada":0.0204750434,
  "United States":0.0194308691,
  "Luxembourg":0.0187566614,
  "Portugal":0.018518545,
  "Netherlands":0.0161267321,
  "Finland":0.0084404702,
  "Australia":0.0069316834,
  "Denmark":0.0047944817,
  "Ireland":0.0039690269,
  "Slovakia":0.0033770576,
  "Norway":0.0015843687,
  "Poland":0.0015808304,
  "New Zealand":0.0012393137,
  "Slovenia":0.0005757563
}