{
  "unknown":0.8962708177,
  "Government":0.1025525253,
  "Financial":0.0011766199
}