{
  "United States":0.6829843646,
  "Switzerland":0.1292904645,
  "United Kingdom":0.0537446539,
  "Ireland":0.0487422173,
  "Brazil":0.0330448873,
  "Luxembourg":0.0172200728,
  "Belgium":0.0138036563,
  "Bermuda":0.0126742124,
  "Netherlands":0.0029497433,
  "Denmark":0.0028269002,
  "Israel":0.0018199917,
  "Australia":0.0008988301
}