{
  "Technology":0.4329647851,
  "Industrials":0.1460185055,
  "Consumer Discretionary":0.0919631867,
  "Health Care":0.0765730408,
  "Financials":0.0654478763,
  "Basic Materials":0.0510135788,
  "Real Estate":0.0491427563,
  "Energy":0.041019441,
  "unknown":0.0347287224,
  "Utilities":0.0062290536,
  "Telecommunications":0.0041813272,
  "Consumer Staples":0.0007177207
}