Nome,Percentuale
Tecnologia,13.678866604
Servizi finanziari,9.467470173999997
Industriali,5.9295957790000005
Salute,5.910110481999999
Consumo ciclico,5.438188115999999
Servizi di comunicazione,4.803546869999999
Difensivo,3.3238818560000003
Energia,1.9093395199999996
Materiali di base,1.8865626220000005
Servizi pubblici,1.4951932529999998
Immobiliare,1.223648955
