Categoria,Percentuale
Giant (>200B),44.51471903407032
Large (10B-200B),35.673775186661835
Medium (2B-10B),17.094508867343244
Small (300M-2B),1.8115358735048932
Micro (<300M),0.41065440014498017
