{
  "United States":0.7408646706,
  "United Kingdom":0.0449891071,
  "Switzerland":0.0405797703,
  "Japan":0.0235982505,
  "Netherlands":0.0193044053,
  "Spain":0.0178457744,
  "Australia":0.0170348223,
  "Ireland":0.0163291845,
  "France":0.013057615,
  "Germany":0.0125317795,
  "Canada":0.0123014677,
  "Denmark":0.0095767363,
  "Italy":0.0088089826,
  "Hong Kong":0.0087733485,
  "Sweden":0.0056131232,
  "Finland":0.0016452885,
  "Norway":0.0015871082,
  "Austria":0.0013163877,
  "Bermuda":0.0013143248,
  "Israel":0.0007064693,
  "Singapore":0.0005921756,
  "Belgium":0.0004412856,
  "New Zealand":0.0004370511,
  "-":0.0003437488,
  "China":0.0002493854,
  "Luxembourg":0.0001577215
}