{
  "Information Technology":0.2655013783,
  "Financials":0.1637222811,
  "Industrials":0.1128066301,
  "Consumer Discretionary":0.1014050679,
  "Health Care":0.0949652805,
  "Communication Services":0.0896511878,
  "Consumer Staples":0.0592452257,
  "Materials":0.0328163674,
  "Energy":0.0292047878,
  "Utilities":0.0269649989,
  "Real Estate":0.020293157,
  "unknown":0.0034236218
}