{
  "Japan":0.1954006938,
  "United Kingdom":0.1245021049,
  "Canada":0.1097331381,
  "France":0.0946273043,
  "Germany":0.0883715357,
  "Switzerland":0.0853059716,
  "Australia":0.0587129671,
  "Netherlands":0.0412600647,
  "Spain":0.0302444672,
  "Italy":0.0277995656,
  "Sweden":0.0271182291,
  "Hong Kong":0.0194136879,
  "Denmark":0.0177545795,
  "Ireland":0.0163730764,
  "Singapore":0.0155794167,
  "Finland":0.0092446665,
  "Israel":0.0078904246,
  "Belgium":0.0073730677,
  "Luxembourg":0.0064545061,
  "Norway":0.0053449238,
  "United States":0.0044875514,
  "New Zealand":0.0024605651,
  "Austria":0.0019578348,
  "Portugal":0.0013065488,
  "Chile":0.0005176583,
  "Macao":0.0002796142,
  "China":0.0002559438,
  "Poland":0.0001540055,
  "-":0.0000758477
}