{
  "Financials":0.2598338743,
  "Industrials":0.1774887928,
  "Health Care":0.0976495753,
  "Consumer Discretionary":0.0907445905,
  "Information Technology":0.0806809066,
  "Consumer Staples":0.0736959157,
  "Materials":0.0637374127,
  "Communication Services":0.0486794214,
  "Energy":0.0472230189,
  "Utilities":0.033343576,
  "Real Estate":0.0169878939,
  "unknown":0.0099349828
}