{
  "United States":0.6835027077,
  "Switzerland":0.0879427186,
  "United Kingdom":0.0537502881,
  "Japan":0.0397407524,
  "France":0.0305595019,
  "Denmark":0.0293590331,
  "Ireland":0.0217203436,
  "Germany":0.0148224867,
  "Australia":0.014722066,
  "Netherlands":0.010115568,
  "Belgium":0.0039471406,
  "Israel":0.0028594708,
  "New Zealand":0.0017625592,
  "Luxembourg":0.0012810654,
  "Italy":0.0012550536,
  "Finland":0.0011849247,
  "Sweden":0.0008546196,
  "Spain":0.0005774208,
  "-":0.0000420577,
  "Hong Kong":0.0000002145,
  "United Arab Emirates":0.0000000005
}