{
  "Pharmaceuticals":0.4165050219,
  "Health Care Equipment":0.1819477319,
  "Biotechnology":0.1522364984,
  "Life Sciences Tools & Services":0.0780332416,
  "Managed Health Care":0.0558426074,
  "Health Care Services":0.0356963708,
  "Health Care Supplies":0.0311041031,
  "Health Care Distributors":0.0249382125,
  "Health Care Facilities":0.0115554681,
  "Health Care Technology":0.0085304486,
  "unknown":0.0036102892
}